{
  "core-js": {
    "bundle": "polyfills",
    "version": "2.4.1"
  },
  "zone.js": {
    "bundle": "polyfills",
    "version": "0.7.7"
  },
  "ts-helpers": {
    "bundle": "polyfills",
    "version": "1.1.2"
  },
  "@angular/platform-browser": {
    "bundle": "vendor",
    "version": "2.4.9"
  },
  "@angular/platform-browser-dynamic": {
    "bundle": "vendor",
    "version": "2.4.9"
  },
  "@angular/core": {
    "bundle": "vendor",
    "version": "2.4.9"
  },
  "@angular/common": {
    "bundle": "vendor",
    "version": "2.4.9"
  },
  "@angular/forms": {
    "bundle": "vendor",
    "version": "2.4.9"
  },
  "@angular/http": {
    "bundle": "vendor",
    "version": "2.4.9"
  },
  "@angular/router": {
    "bundle": "vendor",
    "version": "3.4.9"
  },
  "@angularclass/hmr": {
    "bundle": "vendor",
    "version": "1.2.2"
  },
  "rxjs": {
    "bundle": "vendor",
    "version": "5.1.1"
  }
}